{
    "roc_auc": 0.7823193274052593,
    "precision": 0.532639545884579,
    "recall": 0.5613160518444666,
    "f1_score": 0.5466019417475728
}